{"totalApplicants":16137,"averagePoints":3.3411036747846303,"maxPoints":19.5,"averageExperience":0.2386131251161926,"maxExperience":14.5,"fieldDistribution":{"labels":["\u03a6\u03c5\u03c3\u03b9\u03ba\u03ae\u03c2"],"data":[16137]},"pointsDistribution":{"labels":["0-2","2-4","4-6","6-8","8-10","10-12","12-14","14-16","16-18","18-20","20-22"],"data":[2280,7024,5419,1063,232,73,26,11,3,6,0]}}