{"totalApplicants":103223,"averagePoints":3.348889782315992,"maxPoints":25,"averageExperience":0.40218749697257394,"maxExperience":21,"fieldDistribution":{"labels":["\u0394\u03b1\u03c3\u03ba\u03ac\u03bb\u03c9\u03bd","\u0395\u03b9\u03b4\u03b9\u03ba\u03cc\u03c2 \u0395\u03ba\u03c0\u03b1\u03b9\u03b4\u03b5\u03c5\u03c4\u03b9\u03ba\u03cc\u03c2 (\u0395\u03b9\u03b4\u03b9\u03ba\u03ae\u03c2 \u0393\u03c5\u03bc\u03bd\u03b1\u03c3\u03c4\u03b9\u03ba\u03ae\u03c2)","\u0395\u03b9\u03b4\u03b9\u03ba\u03cc\u03c2 \u0395\u03ba\u03c0\u03b1\u03b9\u03b4\u03b5\u03c5\u03c4\u03b9\u03ba\u03cc\u03c2 (\u0395\u03b9\u03b4\u03b9\u03ba\u03ce\u03bd \u039c\u03b1\u03b8\u03b7\u03c3\u03b9\u03b1\u03ba\u03ce\u03bd, \u039d\u03bf\u03b7\u03c4\u03b9\u03ba\u03ce\u03bd, \u039b\u03b5\u03b9\u03c4\u03bf\u03c5\u03c1\u03b3\u03b9\u03ba\u03ce\u03bd \u03ba\u03b1\u03b9 \u03a0\u03c1\u03bf\u03c3\u03b1\u03c1\u03bc\u03bf\u03c3\u03c4\u03b9\u03ba\u03ce\u03bd \u0394\u03c5\u03c3\u03ba\u03bf\u03bb\u03b9\u03ce\u03bd)","\u0395\u03b9\u03b4\u03b9\u03ba\u03cc\u03c2 \u0395\u03ba\u03c0\u03b1\u03b9\u03b4\u03b5\u03c5\u03c4\u03b9\u03ba\u03cc\u03c2 (\u0395\u03ba\u03c0\u03b1\u03b9\u03b4\u03b5\u03c5\u03c4\u03b9\u03ba\u03ae\u03c2 \u0391\u03ba\u03bf\u03c5\u03bf\u03bb\u03bf\u03b3\u03af\u03b1\u03c2)","\u0395\u03b9\u03b4\u03b9\u03ba\u03cc\u03c2 \u0395\u03ba\u03c0\u03b1\u03b9\u03b4\u03b5\u03c5\u03c4\u03b9\u03ba\u03cc\u03c2 (\u0395\u03c1\u03b3\u03bf\u03b8\u03b5\u03c1\u03b1\u03c0\u03b5\u03af\u03b1\u03c2)","\u0395\u03b9\u03b4\u03b9\u03ba\u03cc\u03c2 \u0395\u03ba\u03c0\u03b1\u03b9\u03b4\u03b5\u03c5\u03c4\u03b9\u03ba\u03cc\u03c2 (\u039a\u03c9\u03c6\u03ce\u03bd)","\u0395\u03b9\u03b4\u03b9\u03ba\u03cc\u03c2 \u0395\u03ba\u03c0\u03b1\u03b9\u03b4\u03b5\u03c5\u03c4\u03b9\u03ba\u03cc\u03c2 (\u039b\u03bf\u03b3\u03bf\u03b8\u03b5\u03c1\u03b1\u03c0\u03b5\u03af\u03b1\u03c2)","\u0395\u03b9\u03b4\u03b9\u03ba\u03cc\u03c2 \u0395\u03ba\u03c0\u03b1\u03b9\u03b4\u03b5\u03c5\u03c4\u03b9\u03ba\u03cc\u03c2 (\u039c\u03bf\u03c5\u03c3\u03b9\u03ba\u03bf\u03b8\u03b5\u03c1\u03b1\u03c0\u03b5\u03af\u03b1\u03c2)","\u0395\u03b9\u03b4\u03b9\u03ba\u03cc\u03c2 \u0395\u03ba\u03c0\u03b1\u03b9\u03b4\u03b5\u03c5\u03c4\u03b9\u03ba\u03cc\u03c2 (\u03a4\u03c5\u03c6\u03bb\u03ce\u03bd)","\u0395\u03b9\u03b4\u03b9\u03ba\u03cc\u03c2 \u0395\u03ba\u03c0\u03b1\u03b9\u03b4\u03b5\u03c5\u03c4\u03b9\u03ba\u03cc\u03c2 (\u03a6\u03c5\u03c3\u03b9\u03bf\u03b8\u03b5\u03c1\u03b1\u03c0\u03b5\u03af\u03b1\u03c2)","\u0391\u03b3\u03b3\u03bb\u03b9\u03ba\u03ce\u03bd","\u0391\u03b3\u03c9\u03b3\u03ae\u03c2 \u03a5\u03b3\u03b5\u03af\u03b1\u03c2 (\u039f\u03b9\u03ba\u03b9\u03b1\u03ba\u03ae\u03c2 \u039f\u03b9\u03ba\u03bf\u03bd\u03bf\u03bc\u03af\u03b1\u03c2)","\u0392\u03b9\u03bf\u03bb\u03bf\u03b3\u03af\u03b1\u03c2","\u0393\u03b1\u03bb\u03bb\u03b9\u03ba\u03ce\u03bd","\u0393\u03b5\u03c1\u03bc\u03b1\u03bd\u03b9\u03ba\u03ce\u03bd","\u0393\u03b5\u03c9\u03b3\u03c1\u03b1\u03c6\u03af\u03b1\u03c2","\u0393\u03b5\u03c9\u03bb\u03bf\u03b3\u03af\u03b1\u03c2","\u0395\u03bc\u03c0\u03bf\u03c1\u03b9\u03ba\u03ce\u03bd\/\u039f\u03b9\u03ba\u03bf\u03bd\u03bf\u03bc\u03b9\u03ba\u03ce\u03bd","\u0398\u03b5\u03b1\u03c4\u03c1\u03bf\u03bb\u03bf\u03b3\u03af\u03b1\u03c2","\u0398\u03c1\u03b7\u03c3\u03ba\u03b5\u03c5\u03c4\u03b9\u03ba\u03ce\u03bd","\u0399\u03c3\u03c0\u03b1\u03bd\u03b9\u03ba\u03ce\u03bd","\u0399\u03c4\u03b1\u03bb\u03b9\u03ba\u03ce\u03bd","\u039c\u03b1\u03b8\u03b7\u03bc\u03b1\u03c4\u03b9\u03ba\u03ce\u03bd","\u039c\u03bf\u03c5\u03c3\u03b9\u03ba\u03ae\u03c2","\u03a0\u03bb\u03b7\u03c1\u03bf\u03c6\u03bf\u03c1\u03b9\u03ba\u03ae\u03c2\/\u0395\u03c0\u03b9\u03c3\u03c4\u03ae\u03bc\u03b7\u03c2 \u0397.\u03a5.","\u03a1\u03c9\u03c3\u03c3\u03b9\u03ba\u03ce\u03bd","\u03a3\u03c5\u03bc\u03b2\u03bf\u03c5\u03bb\u03b5\u03c5\u03c4\u03b9\u03ba\u03ae\u03c2 \u03ba\u03b1\u03b9 \u0395\u03c0\u03b1\u03b3\u03b3\u03b5\u03bb\u03bc\u03b1\u03c4\u03b9\u03ba\u03ae\u03c2 \u0391\u03b3\u03c9\u03b3\u03ae\u03c2","\u03a3\u03c7\u03b5\u03b4\u03b9\u03b1\u03c3\u03bc\u03bf\u03cd \u03ba\u03b1\u03b9 \u03a4\u03b5\u03c7\u03bd\u03bf\u03bb\u03bf\u03b3\u03af\u03b1\u03c2","\u03a3\u03c7\u03b5\u03b4\u03b9\u03b1\u03c3\u03bc\u03bf\u03cd \u03ba\u03b1\u03b9 \u03a4\u03b5\u03c7\u03bd\u03bf\u03bb\u03bf\u03b3\u03af\u03b1\u03c2 (\u03c7\u03c9\u03c1\u03af\u03c2 \u03bc\u03b1\u03b8\u03ae\u03bc\u03b1\u03c4\u03b1)","\u03a4\u03ad\u03c7\u03bd\u03b7\u03c2","\u03a4\u03bf\u03c5\u03c1\u03ba\u03b9\u03ba\u03ce\u03bd","\u03a6\u03b9\u03bb\u03bf\u03bb\u03bf\u03b3\u03b9\u03ba\u03ce\u03bd","\u03a6\u03c5\u03c3\u03b9\u03ba\u03ae\u03c2","\u03a6\u03c5\u03c3\u03b9\u03ba\u03ae\u03c2 \u0391\u03b3\u03c9\u03b3\u03ae\u03c2","\u03a6\u03c9\u03c4\u03bf\u03b3\u03c1\u03b1\u03c6\u03b9\u03ba\u03ae\u03c2 \u03a4\u03ad\u03c7\u03bd\u03b7\u03c2","\u03a7\u03b7\u03bc\u03b5\u03af\u03b1\u03c2","\u03a8\u03c5\u03c7\u03bf\u03bb\u03bf\u03b3\u03af\u03b1\u03c2","\u0391\u03c1\u03b3\u03c5\u03c1\u03bf\u03c7\u03bf\u0390\u03b1\u03c2 \u03a7\u03c1\u03c5\u03c3\u03bf\u03c7\u03bf\u0390\u03b1\u03c2","\u0393\u03b5\u03c9\u03c0\u03bf\u03bd\u03af\u03b1\u03c2 (\u0393\u03b5\u03bd\u03b9\u03ba\u03ae)","\u0393\u03c1\u03b1\u03c6\u03b9\u03ba\u03ce\u03bd \u03a4\u03b5\u03c7\u03bd\u03ce\u03bd","\u0394\u03b9\u03b1\u03ba\u03bf\u03c3\u03bc\u03b7\u03c4\u03b9\u03ba\u03ae\u03c2","\u0394\u03bf\u03bc\u03b9\u03ba\u03ce\u03bd (\u0391\u03c1\u03c7\u03b9\u03c4\u03b5\u03ba\u03c4\u03bf\u03bd\u03b9\u03ba\u03ae)","\u0394\u03bf\u03bc\u03b9\u03ba\u03ce\u03bd (\u03a0\u03bf\u03bb\u03b9\u03c4\u03b9\u03ba\u03ae \u039c\u03b7\u03c7\u03b1\u03bd\u03b9\u03ba\u03ae \u039a\u03b1\u03c4\u03b1\u03c3\u03ba\u03b5\u03c5\u03ad\u03c2)","\u0397\u03bb\u03b5\u03ba\u03c4\u03c1\u03bf\u03bb\u03bf\u03b3\u03af\u03b1\u03c2 (\u0393\u03b5\u03bd\u03b9\u03ba\u03ae)","\u039a\u03bf\u03bc\u03bc\u03c9\u03c4\u03b9\u03ba\u03ae\u03c2 (\u03915-7)","\u039c\u03b7\u03c7\u03b1\u03bd\u03b9\u03ba\u03ae\u03c2 \u0391\u03c5\u03c4\u03bf\u03ba\u03b9\u03bd\u03ae\u03c4\u03c9\u03bd","\u039c\u03b7\u03c7\u03b1\u03bd\u03b9\u03ba\u03ae\u03c2 \u0397\u03bb\u03b5\u03ba\u03c4\u03c1\u03bf\u03bd\u03b9\u03ba\u03ce\u03bd \u03a5\u03c0\u03bf\u03bb\u03bf\u03b3\u03b9\u03c3\u03c4\u03ce\u03bd","\u039c\u03b7\u03c7\u03b1\u03bd\u03bf\u03bb\u03bf\u03b3\u03af\u03b1\u03c2 (\u0393\u03b5\u03bd\u03b9\u03ba\u03ae)","\u039e\u03b5\u03bd\u03bf\u03b4\u03bf\u03c7\u03b5\u03b9\u03b1\u03ba\u03ce\u03bd (\u0393\u03b5\u03bd\u03b9\u03ba\u03ac) (A5-7)","\u039e\u03b5\u03bd\u03bf\u03b4\u03bf\u03c7\u03b5\u03b9\u03b1\u03ba\u03ce\u03bd (\u039c\u03b1\u03b3\u03b5\u03b9\u03c1\u03b9\u03ba\u03ae)","\u039e\u03b5\u03bd\u03bf\u03b4\u03bf\u03c7\u03b5\u03b9\u03b1\u03ba\u03ce\u03bd (\u03a4\u03c1\u03b1\u03c0\u03b5\u03b6\u03bf\u03ba\u03bf\u03bc\u03af\u03b1) (A8-10-11)","\u039e\u03b5\u03bd\u03bf\u03b4\u03bf\u03c7\u03b5\u03b9\u03b1\u03ba\u03ce\u03bd (\u03a4\u03c1\u03b1\u03c0\u03b5\u03b6\u03bf\u03ba\u03bf\u03bc\u03af\u03b1) (\u03915-7)","\u039e\u03c5\u03bb\u03bf\u03c5\u03c1\u03b3\u03b9\u03ba\u03ae\u03c2-\u0395\u03c0\u03b9\u03c0\u03bb\u03bf\u03c0\u03bf\u03b9\u03af\u03b1\u03c2","\u03a3\u03c7\u03b5\u03b4\u03af\u03b1\u03c3\u03b7\u03c2 \u0395\u03c0\u03af\u03c0\u03bb\u03c9\u03bd","\u03a3\u03c7\u03b5\u03b4\u03af\u03b1\u03c3\u03b7\u03c2-\u039a\u03b1\u03c4\u03b1\u03c3\u03ba\u03b5\u03c5\u03ae\u03c2 \u0395\u03bd\u03b4\u03c5\u03bc\u03ac\u03c4\u03c9\u03bd","\u039d\u03b7\u03c0\u03b9\u03b1\u03b3\u03c9\u03b3\u03ce\u03bd","\u039d\u03b7\u03c0\u03b9\u03b1\u03b3\u03c9\u03b3\u03ce\u03bd \u03915-\u03917","\u0395\u03b9\u03b4\u03b9\u03ba\u03bf\u03af \u03ba\u03b1\u03c4\u03ac\u03bb\u03bf\u03b3\u03bf\u03b9 \u03b5\u03ba\u03c0\u03b1\u03b9\u03b4\u03b5\u03c5\u03c4\u03b9\u03ba\u03ce\u03bd \u03bc\u03b5 \u03b1\u03bd\u03b1\u03c0\u03b7\u03c1\u03af\u03b5\u03c2 (\u03cc\u03bb\u03b5\u03c2 \u03bf\u03b9 \u03b5\u03b9\u03b4\u03b9\u03ba\u03cc\u03c4\u03b7\u03c4\u03b5\u03c2)"],"data":[8889,100,2082,4,322,34,1174,51,6,584,4425,350,2934,1376,544,144,420,9484,508,2288,292,652,6509,2356,6622,158,616,220,4971,1782,1008,13891,3294,5347,154,2797,2146,8,389,623,178,738,776,1664,30,129,633,1303,329,120,50,58,58,50,26,7280,6,241]},"pointsDistribution":{"labels":["0-2","2-4","4-6","6-8","8-10","10-12","12-14","14-16","16-18","18-20","20-22"],