{"totalApplicants":378,"averagePoints":3.450714285714286,"maxPoints":12.5,"averageExperience":0.6746031746031746,"maxExperience":8,"fieldDistribution":{"labels":["\u0395\u03b9\u03b4\u03b9\u03ba\u03bf\u03af \u03ba\u03b1\u03c4\u03ac\u03bb\u03bf\u03b3\u03bf\u03b9 \u03b5\u03ba\u03c0\u03b1\u03b9\u03b4\u03b5\u03c5\u03c4\u03b9\u03ba\u03ce\u03bd \u03bc\u03b5 \u03b1\u03bd\u03b1\u03c0\u03b7\u03c1\u03af\u03b5\u03c2 (\u03cc\u03bb\u03b5\u03c2 \u03bf\u03b9 \u03b5\u03b9\u03b4\u03b9\u03ba\u03cc\u03c4\u03b7\u03c4\u03b5\u03c2)"],"data":[378]},"pointsDistribution":{"labels":["0-2","2-4","4-6","6-8","8-10","10-12","12-14","14-16","16-18","18-20","20-22"],"data":[55,172,108,24,10,8,1,0,0,0,0]}}