{"totalApplicants":1418,"averagePoints":3.0737940761636104,"maxPoints":12.5,"averageExperience":0.5486600846262342,"maxExperience":9,"fieldDistribution":{"labels":["\u0399\u03c3\u03c0\u03b1\u03bd\u03b9\u03ba\u03ce\u03bd"],"data":[1418]},"pointsDistribution":{"labels":["0-2","2-4","4-6","6-8","8-10","10-12","12-14","14-16","16-18","18-20","20-22"],"data":[268,737,300,51,29,20,13,0,0,0,0]}}