{"totalApplicants":19183,"averagePoints":3.739296251889695,"maxPoints":17,"averageExperience":0.9457071365271335,"maxExperience":14,"fieldDistribution":{"labels":["\u0395\u03b9\u03b4\u03b9\u03ba\u03cc\u03c2 \u0395\u03ba\u03c0\u03b1\u03b9\u03b4\u03b5\u03c5\u03c4\u03b9\u03ba\u03cc\u03c2 (\u0395\u03b9\u03b4\u03b9\u03ba\u03ae\u03c2 \u0393\u03c5\u03bc\u03bd\u03b1\u03c3\u03c4\u03b9\u03ba\u03ae\u03c2)","\u0395\u03b9\u03b4\u03b9\u03ba\u03cc\u03c2 \u0395\u03ba\u03c0\u03b1\u03b9\u03b4\u03b5\u03c5\u03c4\u03b9\u03ba\u03cc\u03c2 (\u0395\u03b9\u03b4\u03b9\u03ba\u03ce\u03bd \u039c\u03b1\u03b8\u03b7\u03c3\u03b9\u03b1\u03ba\u03ce\u03bd, \u039d\u03bf\u03b7\u03c4\u03b9\u03ba\u03ce\u03bd, \u039b\u03b5\u03b9\u03c4\u03bf\u03c5\u03c1\u03b3\u03b9\u03ba\u03ce\u03bd \u03ba\u03b1\u03b9 \u03a0\u03c1\u03bf\u03c3\u03b1\u03c1\u03bc\u03bf\u03c3\u03c4\u03b9\u03ba\u03ce\u03bd \u0394\u03c5\u03c3\u03ba\u03bf\u03bb\u03b9\u03ce\u03bd)","\u0395\u03b9\u03b4\u03b9\u03ba\u03cc\u03c2 \u0395\u03ba\u03c0\u03b1\u03b9\u03b4\u03b5\u03c5\u03c4\u03b9\u03ba\u03cc\u03c2 (\u0395\u03ba\u03c0\u03b1\u03b9\u03b4\u03b5\u03c5\u03c4\u03b9\u03ba\u03ae\u03c2 \u0391\u03ba\u03bf\u03c5\u03bf\u03bb\u03bf\u03b3\u03af\u03b1\u03c2)","\u0395\u03b9\u03b4\u03b9\u03ba\u03cc\u03c2 \u0395\u03ba\u03c0\u03b1\u03b9\u03b4\u03b5\u03c5\u03c4\u03b9\u03ba\u03cc\u03c2 (\u0395\u03c1\u03b3\u03bf\u03b8\u03b5\u03c1\u03b1\u03c0\u03b5\u03af\u03b1\u03c2)","\u0395\u03b9\u03b4\u03b9\u03ba\u03cc\u03c2 \u0395\u03ba\u03c0\u03b1\u03b9\u03b4\u03b5\u03c5\u03c4\u03b9\u03ba\u03cc\u03c2 (\u039a\u03c9\u03c6\u03ce\u03bd)","\u0395\u03b9\u03b4\u03b9\u03ba\u03cc\u03c2 \u0395\u03ba\u03c0\u03b1\u03b9\u03b4\u03b5\u03c5\u03c4\u03b9\u03ba\u03cc\u03c2 (\u039b\u03bf\u03b3\u03bf\u03b8\u03b5\u03c1\u03b1\u03c0\u03b5\u03af\u03b1\u03c2)","\u0395\u03b9\u03b4\u03b9\u03ba\u03cc\u03c2 \u0395\u03ba\u03c0\u03b1\u03b9\u03b4\u03b5\u03c5\u03c4\u03b9\u03ba\u03cc\u03c2 (\u039c\u03bf\u03c5\u03c3\u03b9\u03ba\u03bf\u03b8\u03b5\u03c1\u03b1\u03c0\u03b5\u03af\u03b1\u03c2)","\u0395\u03b9\u03b4\u03b9\u03ba\u03cc\u03c2 \u0395\u03ba\u03c0\u03b1\u03b9\u03b4\u03b5\u03c5\u03c4\u03b9\u03ba\u03cc\u03c2 (\u03a4\u03c5\u03c6\u03bb\u03ce\u03bd)","\u0395\u03b9\u03b4\u03b9\u03ba\u03cc\u03c2 \u0395\u03ba\u03c0\u03b1\u03b9\u03b4\u03b5\u03c5\u03c4\u03b9\u03ba\u03cc\u03c2 (\u03a6\u03c5\u03c3\u03b9\u03bf\u03b8\u03b5\u03c1\u03b1\u03c0\u03b5\u03af\u03b1\u03c2)"],"data":[511,9343,20,1258,139,4950,217,30,2715]},"pointsDistribution":{"labels":["0-2","2-4","4-6","6-8","8-10","10-12","12-14","14-16","16-18","18-20","20-22"],"data":[1508,10095,4315,2002,859,300,62,34,8,0,0]}}