{"totalApplicants":39177,"averagePoints":4.122456032876392,"maxPoints":23,"averageExperience":0.7756847129693443,"maxExperience":17,"fieldDistribution":{"labels":["\u0394\u03b1\u03c3\u03ba\u03ac\u03bb\u03c9\u03bd"],"data":[39177]},"pointsDistribution":{"labels":["0-2","2-4","4-6","6-8","8-10","10-12","12-14","14-16","16-18","18-20","20-22"],"data":[1525,16686,14091,3606,1758,1160,195,111,27,11,7]}}