{"totalApplicants":100511,"averagePoints":3.2591075603665436,"maxPoints":24,"averageExperience":0.34026126493617614,"maxExperience":20,"fieldDistribution":{"labels":["\u0394\u03b1\u03c3\u03ba\u03ac\u03bb\u03c9\u03bd","\u0395\u03b9\u03b4\u03b9\u03ba\u03cc\u03c2 \u0395\u03ba\u03c0\u03b1\u03b9\u03b4\u03b5\u03c5\u03c4\u03b9\u03ba\u03cc\u03c2 (\u0395\u03b9\u03b4\u03b9\u03ba\u03ae\u03c2 \u0393\u03c5\u03bc\u03bd\u03b1\u03c3\u03c4\u03b9\u03ba\u03ae\u03c2)","\u0395\u03b9\u03b4\u03b9\u03ba\u03cc\u03c2 \u0395\u03ba\u03c0\u03b1\u03b9\u03b4\u03b5\u03c5\u03c4\u03b9\u03ba\u03cc\u03c2 (\u0395\u03b9\u03b4\u03b9\u03ba\u03ce\u03bd \u039c\u03b1\u03b8\u03b7\u03c3\u03b9\u03b1\u03ba\u03ce\u03bd, \u039d\u03bf\u03b7\u03c4\u03b9\u03ba\u03ce\u03bd, \u039b\u03b5\u03b9\u03c4\u03bf\u03c5\u03c1\u03b3\u03b9\u03ba\u03ce\u03bd \u03ba\u03b1\u03b9 \u03a0\u03c1\u03bf\u03c3\u03b1\u03c1\u03bc\u03bf\u03c3\u03c4\u03b9\u03ba\u03ce\u03bd \u0394\u03c5\u03c3\u03ba\u03bf\u03bb\u03b9\u03ce\u03bd)","\u0395\u03b9\u03b4\u03b9\u03ba\u03cc\u03c2 \u0395\u03ba\u03c0\u03b1\u03b9\u03b4\u03b5\u03c5\u03c4\u03b9\u03ba\u03cc\u03c2 (\u0395\u03ba\u03c0\u03b1\u03b9\u03b4\u03b5\u03c5\u03c4\u03b9\u03ba\u03ae\u03c2 \u0391\u03ba\u03bf\u03c5\u03bf\u03bb\u03bf\u03b3\u03af\u03b1\u03c2)","\u0395\u03b9\u03b4\u03b9\u03ba\u03cc\u03c2 \u0395\u03ba\u03c0\u03b1\u03b9\u03b4\u03b5\u03c5\u03c4\u03b9\u03ba\u03cc\u03c2 (\u0395\u03c1\u03b3\u03bf\u03b8\u03b5\u03c1\u03b1\u03c0\u03b5\u03af\u03b1\u03c2)","\u0395\u03b9\u03b4\u03b9\u03ba\u03cc\u03c2 \u0395\u03ba\u03c0\u03b1\u03b9\u03b4\u03b5\u03c5\u03c4\u03b9\u03ba\u03cc\u03c2 (\u039a\u03c9\u03c6\u03ce\u03bd)","\u0395\u03b9\u03b4\u03b9\u03ba\u03cc\u03c2 \u0395\u03ba\u03c0\u03b1\u03b9\u03b4\u03b5\u03c5\u03c4\u03b9\u03ba\u03cc\u03c2 (\u039b\u03bf\u03b3\u03bf\u03b8\u03b5\u03c1\u03b1\u03c0\u03b5\u03af\u03b1\u03c2)","\u0395\u03b9\u03b4\u03b9\u03ba\u03cc\u03c2 \u0395\u03ba\u03c0\u03b1\u03b9\u03b4\u03b5\u03c5\u03c4\u03b9\u03ba\u03cc\u03c2 (\u039c\u03bf\u03c5\u03c3\u03b9\u03ba\u03bf\u03b8\u03b5\u03c1\u03b1\u03c0\u03b5\u03af\u03b1\u03c2)","\u0395\u03b9\u03b4\u03b9\u03ba\u03cc\u03c2 \u0395\u03ba\u03c0\u03b1\u03b9\u03b4\u03b5\u03c5\u03c4\u03b9\u03ba\u03cc\u03c2 (\u03a4\u03c5\u03c6\u03bb\u03ce\u03bd)","\u0395\u03b9\u03b4\u03b9\u03ba\u03cc\u03c2 \u0395\u03ba\u03c0\u03b1\u03b9\u03b4\u03b5\u03c5\u03c4\u03b9\u03ba\u03cc\u03c2 (\u03a6\u03c5\u03c3\u03b9\u03bf\u03b8\u03b5\u03c1\u03b1\u03c0\u03b5\u03af\u03b1\u03c2)","\u0395\u03b9\u03b4\u03b9\u03ba\u03bf\u03af \u03ba\u03b1\u03c4\u03ac\u03bb\u03bf\u03b3\u03bf\u03b9 \u03b5\u03ba\u03c0\u03b1\u03b9\u03b4\u03b5\u03c5\u03c4\u03b9\u03ba\u03ce\u03bd \u03bc\u03b5 \u03b1\u03bd\u03b1\u03c0\u03b7\u03c1\u03af\u03b5\u03c2 (\u03cc\u03bb\u03b5\u03c2 \u03bf\u03b9 \u03b5\u03b9\u03b4\u03b9\u03ba\u03cc\u03c4\u03b7\u03c4\u03b5\u03c2)","\u0391\u03b3\u03b3\u03bb\u03b9\u03ba\u03ce\u03bd","\u0391\u03b3\u03c9\u03b3\u03ae\u03c2 \u03a5\u03b3\u03b5\u03af\u03b1\u03c2 (\u039f\u03b9\u03ba\u03b9\u03b1\u03ba\u03ae\u03c2 \u039f\u03b9\u03ba\u03bf\u03bd\u03bf\u03bc\u03af\u03b1\u03c2)","\u0392\u03b9\u03bf\u03bb\u03bf\u03b3\u03af\u03b1\u03c2","\u0393\u03b1\u03bb\u03bb\u03b9\u03ba\u03ce\u03bd","\u0393\u03b5\u03c1\u03bc\u03b1\u03bd\u03b9\u03ba\u03ce\u03bd","\u0393\u03b5\u03c9\u03b3\u03c1\u03b1\u03c6\u03af\u03b1\u03c2","\u0393\u03b5\u03c9\u03bb\u03bf\u03b3\u03af\u03b1\u03c2","\u0395\u03bc\u03c0\u03bf\u03c1\u03b9\u03ba\u03ce\u03bd\/\u039f\u03b9\u03ba\u03bf\u03bd\u03bf\u03bc\u03b9\u03ba\u03ce\u03bd","\u0398\u03b5\u03b1\u03c4\u03c1\u03bf\u03bb\u03bf\u03b3\u03af\u03b1\u03c2","\u0398\u03c1\u03b7\u03c3\u03ba\u03b5\u03c5\u03c4\u03b9\u03ba\u03ce\u03bd","\u0399\u03c3\u03c0\u03b1\u03bd\u03b9\u03ba\u03ce\u03bd","\u0399\u03c4\u03b1\u03bb\u03b9\u03ba\u03ce\u03bd","\u039c\u03b1\u03b8\u03b7\u03bc\u03b1\u03c4\u03b9\u03ba\u03ce\u03bd","\u039c\u03bf\u03c5\u03c3\u03b9\u03ba\u03ae\u03c2","\u03a0\u03bb\u03b7\u03c1\u03bf\u03c6\u03bf\u03c1\u03b9\u03ba\u03ae\u03c2\/\u0395\u03c0\u03b9\u03c3\u03c4\u03ae\u03bc\u03b7\u03c2 \u0397.\u03a5.","\u03a1\u03c9\u03c3\u03c3\u03b9\u03ba\u03ce\u03bd","\u03a3\u03c5\u03bc\u03b2\u03bf\u03c5\u03bb\u03b5\u03c5\u03c4\u03b9\u03ba\u03ae\u03c2 \u03ba\u03b1\u03b9 \u0395\u03c0\u03b1\u03b3\u03b3\u03b5\u03bb\u03bc\u03b1\u03c4\u03b9\u03ba\u03ae\u03c2 \u0391\u03b3\u03c9\u03b3\u03ae\u03c2","\u03a3\u03c7\u03b5\u03b4\u03b9\u03b1\u03c3\u03bc\u03bf\u03cd \u03ba\u03b1\u03b9 \u03a4\u03b5\u03c7\u03bd\u03bf\u03bb\u03bf\u03b3\u03af\u03b1\u03c2","\u03a3\u03c7\u03b5\u03b4\u03b9\u03b1\u03c3\u03bc\u03bf\u03cd \u03ba\u03b1\u03b9 \u03a4\u03b5\u03c7\u03bd\u03bf\u03bb\u03bf\u03b3\u03af\u03b1\u03c2 (\u03c7\u03c9\u03c1\u03af\u03c2 \u03bc\u03b1\u03b8\u03ae\u03bc\u03b1\u03c4\u03b1)","\u03a4\u03ad\u03c7\u03bd\u03b7\u03c2","\u03a4\u03bf\u03c5\u03c1\u03ba\u03b9\u03ba\u03ce\u03bd","\u03a6\u03b9\u03bb\u03bf\u03bb\u03bf\u03b3\u03b9\u03ba\u03ce\u03bd","\u03a6\u03c5\u03c3\u03b9\u03ba\u03ae\u03c2","\u03a6\u03c5\u03c3\u03b9\u03ba\u03ae\u03c2 \u0391\u03b3\u03c9\u03b3\u03ae\u03c2","\u03a6\u03c9\u03c4\u03bf\u03b3\u03c1\u03b1\u03c6\u03b9\u03ba\u03ae\u03c2 \u03a4\u03ad\u03c7\u03bd\u03b7\u03c2","\u03a7\u03b7\u03bc\u03b5\u03af\u03b1\u03c2","\u03a8\u03c5\u03c7\u03bf\u03bb\u03bf\u03b3\u03af\u03b1\u03c2","\u0391\u03c1\u03b3\u03c5\u03c1\u03bf\u03c7\u03bf\u0390\u03b1\u03c2 \u03a7\u03c1\u03c5\u03c3\u03bf\u03c7\u03bf\u0390\u03b1\u03c2","\u0393\u03b5\u03c9\u03c0\u03bf\u03bd\u03af\u03b1\u03c2 (\u0393\u03b5\u03bd\u03b9\u03ba\u03ae)","\u0393\u03c1\u03b1\u03c6\u03b9\u03ba\u03ce\u03bd \u03a4\u03b5\u03c7\u03bd\u03ce\u03bd","\u0394\u03b9\u03b1\u03ba\u03bf\u03c3\u03bc\u03b7\u03c4\u03b9\u03ba\u03ae\u03c2","\u0394\u03bf\u03bc\u03b9\u03ba\u03ce\u03bd (\u0391\u03c1\u03c7\u03b9\u03c4\u03b5\u03ba\u03c4\u03bf\u03bd\u03b9\u03ba\u03ae)","\u0394\u03bf\u03bc\u03b9\u03ba\u03ce\u03bd (\u03a0\u03bf\u03bb\u03b9\u03c4\u03b9\u03ba\u03ae \u039c\u03b7\u03c7\u03b1\u03bd\u03b9\u03ba\u03ae \u039a\u03b1\u03c4\u03b1\u03c3\u03ba\u03b5\u03c5\u03ad\u03c2)","\u0397\u03bb\u03b5\u03ba\u03c4\u03c1\u03bf\u03bb\u03bf\u03b3\u03af\u03b1\u03c2 (\u0393\u03b5\u03bd\u03b9\u03ba\u03ae)","\u039a\u03bf\u03bc\u03bc\u03c9\u03c4\u03b9\u03ba\u03ae\u03c2 (\u03915-7)","\u039c\u03b7\u03c7\u03b1\u03bd\u03b9\u03ba\u03ae\u03c2 \u0391\u03c5\u03c4\u03bf\u03ba\u03b9\u03bd\u03ae\u03c4\u03c9\u03bd","\u039c\u03b7\u03c7\u03b1\u03bd\u03b9\u03ba\u03ae\u03c2 \u0397\u03bb\u03b5\u03ba\u03c4\u03c1\u03bf\u03bd\u03b9\u03ba\u03ce\u03bd \u03a5\u03c0\u03bf\u03bb\u03bf\u03b3\u03b9\u03c3\u03c4\u03ce\u03bd","\u039c\u03b7\u03c7\u03b1\u03bd\u03bf\u03bb\u03bf\u03b3\u03af\u03b1\u03c2 (\u0393\u03b5\u03bd\u03b9\u03ba\u03ae)","\u039e\u03b5\u03bd\u03bf\u03b4\u03bf\u03c7\u03b5\u03b9\u03b1\u03ba\u03ce\u03bd (\u0393\u03b5\u03bd\u03b9\u03ba\u03ac) (A5-7)","\u039e\u03b5\u03bd\u03bf\u03b4\u03bf\u03c7\u03b5\u03b9\u03b1\u03ba\u03ce\u03bd (\u039c\u03b1\u03b3\u03b5\u03b9\u03c1\u03b9\u03ba\u03ae)","\u039e\u03b5\u03bd\u03bf\u03b4\u03bf\u03c7\u03b5\u03b9\u03b1\u03ba\u03ce\u03bd (\u03a4\u03c1\u03b1\u03c0\u03b5\u03b6\u03bf\u03ba\u03bf\u03bc\u03af\u03b1) (A8-10-11)","\u039e\u03b5\u03bd\u03bf\u03b4\u03bf\u03c7\u03b5\u03b9\u03b1\u03ba\u03ce\u03bd (\u03a4\u03c1\u03b1\u03c0\u03b5\u03b6\u03bf\u03ba\u03bf\u03bc\u03af\u03b1) (\u03915-7)","\u039e\u03c5\u03bb\u03bf\u03c5\u03c1\u03b3\u03b9\u03ba\u03ae\u03c2-\u0395\u03c0\u03b9\u03c0\u03bb\u03bf\u03c0\u03bf\u03b9\u03af\u03b1\u03c2","\u03a3\u03c7\u03b5\u03b4\u03af\u03b1\u03c3\u03b7\u03c2 \u0395\u03c0\u03af\u03c0\u03bb\u03c9\u03bd","\u03a3\u03c7\u03b5\u03b4\u03af\u03b1\u03c3\u03b7\u03c2-\u039a\u03b1\u03c4\u03b1\u03c3\u03ba\u03b5\u03c5\u03ae\u03c2 \u0395\u03bd\u03b4\u03c5\u03bc\u03ac\u03c4\u03c9\u03bd","\u039d\u03b7\u03c0\u03b9\u03b1\u03b3\u03c9\u03b3\u03ce\u03bd","\u039d\u03b7\u03c0\u03b9\u03b1\u03b3\u03c9\u03b3\u03ce\u03bd \u03915-\u03917"],"data":[8716,104,1890,4,238,30,974,42,6,550,13,4346,360,2680,1414,548,142,414,9406,494,2274,286,648,6300,2194,6442,154,536,220,4770,1698,994,13850,3234,4974,150,2658,2152,8,350,582,172,660,1572,1614,2,120,618,1272,300,92,50,54,60,50,24,6994,12]},"pointsDistribution":{"labels":["0-2","2-4","4-6","6-8","8-10","10-12","12-14","14-16","16-18","18-20","20-22"],