{"totalApplicants":7415,"averagePoints":4.075592717464623,"maxPoints":16,"averageExperience":0.1648010788941335,"maxExperience":13.5,"fieldDistribution":{"labels":["\u0397\u03bb\u03b5\u03ba\u03c4\u03c1\u03bf\u03bb\u03bf\u03b3\u03af\u03b1\u03c2 (\u0393\u03b5\u03bd\u03b9\u03ba\u03ae)"],"data":[7415]},"pointsDistribution":{"labels":["0-2","2-4","4-6","6-8","8-10","10-12","12-14","14-16","16-18","18-20","20-22"],"data":[214,2758,3174,1128,52,54,18,16,1,0,0]}}