{"totalApplicants":35250,"averagePoints":3.157408510638301,"maxPoints":18.5,"averageExperience":0.662241134751773,"maxExperience":16.5,"fieldDistribution":{"labels":["\u039d\u03b7\u03c0\u03b9\u03b1\u03b3\u03c9\u03b3\u03ce\u03bd","\u039d\u03b7\u03c0\u03b9\u03b1\u03b3\u03c9\u03b3\u03ce\u03bd \u03915-\u03917"],"data":[35197,53]},"pointsDistribution":{"labels":["0-2","2-4","4-6","6-8","8-10","10-12","12-14","14-16","16-18","18-20","20-22"],"data":[4332,20597,6444,1775,1190,705,167,15,20,5,0]}}