{"totalApplicants":30,"averagePoints":10.383333333333333,"maxPoints":15.5,"averageExperience":6.783333333333333,"maxExperience":12.5,"fieldDistribution":{"labels":["\u0395\u03b9\u03b4\u03b9\u03ba\u03cc\u03c2 \u0395\u03ba\u03c0\u03b1\u03b9\u03b4\u03b5\u03c5\u03c4\u03b9\u03ba\u03cc\u03c2 (\u03a4\u03c5\u03c6\u03bb\u03ce\u03bd)"],"data":[30]},"pointsDistribution":{"labels":["0-2","2-4","4-6","6-8","8-10","10-12","12-14","14-16","16-18","18-20","20-22"],"data":[0,1,0,3,11,5,3,7,0,0,0]}}